<?xml version="1.0" encoding="UTF-8" ?>
<!DOCTYPE mapper PUBLIC "-//mybatis.org//DTD Mapper 3.0//EN" "http://mybatis.org/dtd/mybatis-3-mapper.dtd" >
<mapper namespace="com.spd.springbootdemo.dao.UserDao">
    <resultMap id="BaseResultMap" type="com.spd.springbootdemo.vo.User">
        <result column="id" property="id" />
        <result column="username" property="username" />
    </resultMap>

    <parameterMap id="User" type="com.spd.springbootdemo.vo.User"/>

    <sql id="Base_Column_List">
        id, username
    </sql>
    <select id="findAllUser" resultMap="BaseResultMap" >
        select
        u.id,u.username
        from user u
    </select>

    <insert id="createUser" parameterMap="User" useGeneratedKeys="true" keyProperty="id">
        insert into
            user(id,username)
        values
            (#{id},#{username})
    </insert>

</mapper>